gender, age, toy
neutral,4 months,learning or musical toy
neutral,5 months,learning or musical toy
neutral,6 months,learning or musical toy
neutral,7 months,learning or musical toy
neutral,7 months,bath toy
neutral,8 months,learning or musical toy
neutral,8 months,bath toy
neutral,9 months,learning or musical toy
neutral,9 months,bath toy
neutral,10 months,learning or musical toy
neutral,10 months,bath toy
neutral,11 months,learning or musical toy
neutral,11 months,bath toy
neutral,12 months,learning or musical toy
neutral,12 months,bath toy
neutral,13 months,learning or musical toy
neutral,13 months,bath toy
neutral,14 months,learning or musical toy
neutral,14 months,bath toy
neutral,15 months,learning or musical toy
neutral,15 months,bath toy
neutral,16 months,learning or musical toy
neutral,16 months,bath toy
neutral,17 months,learning or musical toy
neutral,17 months,bath toy
neutral,18 months,learning or musical toy
neutral,18 months,bath toy
neutral,19 months,learning or musical toy
neutral,19 months,bath toy
neutral,20 months ,learning or musical toy
neutral,20 months ,bath toy
neutral,21 months,learning or musical toy
neutral,21 months,bath toy
neutral,22 months,learning or musical toy
neutral,22 months,bath toy
neutral,23 months,learning or musical toy
neutral,24 months,bath toy
neutral,2,Fisher Price corn popper vacuum
neutral,2,"building toy, learning book"
neutral,2,"musical toy, learning book"
neutral,2,rain boots any style size 6 kids
neutral,2,rain boots any style size 5 kids
neutral,2,rain boots any style size 4 kids
neutral,2,rain boots any style size 3 kids
neutral,2,rain boots any style size 2 kids
neutral,2,toy tool set
neutral,3,Fisher Price corn popper vacuum
neutral,3,"building toy, learning book"
neutral,3,"musical toy, learning book"
neutral,3,Paw Patrol toy
neutral,3,pretend kitchen items
neutral,3,pretend cash register
neutral,3,pretend camera
neutral,3,construction site vehicle set
neutral,3,play parking structure
neutral,3,Trolls toy
neutral,3,Paw Patrol sleeping bag
neutral,3,rain boots any style size 9 kids
neutral,3,rain boots any style size 10 kids
neutral,3,rain boots any style size 8 kids
neutral,3,rain boots any style size 7 kids
neutral,3,rain boots any style size 6 kids
neutral,3,Mad Mattr Super-Soft Modeling Dough
neutral,3,Mr. Potato Head
neutral,3,"Dinosaur Bucket, learning book"
neutral,3,"toy tool set, learning book"
neutral,3,Terra by Battat Dinosaur Bucket
neutral,4,Robo Alive Ice Blasting Dragon
neutral,4,Paw Patrol sleeping bag
neutral,4,construction site vehicle set
neutral,4,play parking structure
neutral,4,Any Play-Dough Kit
neutral,4,Shape Shifter Olaf
neutral,4,"building toy, learning book"
neutral,4,"musical toy, learning book"
neutral,4,pretend cash register
neutral,4,pretend camera
neutral,4,age appropriate science related activity
neutral,4,kids microphone
neutral,4,pretend doctor kit
neutral,4,pretend vet kit
neutral,4,pretend kitchen items
neutral,4,Paw Patrol toy
neutral,4,Trolls Toy
neutral,4,rain boots any style size 13 kids
neutral,4,rain boots any style size 12 kids
neutral,4,rain boots any style size 11 kids
neutral,4,Mad Mattr Super-Soft Modeling Dough
neutral,4,Mr. Potato Head
neutral,4,"Dinosaur Bucket, learning book"
neutral,4,Terra by Battat Dinosaur Bucket
neutral,4,Disney Pixar’s Toy Story 4 RV Vacation Building Kit
neutral,4,Coding Critters
neutral,4,Zingo game
neutral,4,tow truck
neutral,5,Robo Alive Ice Blasting Dragon
neutral,5,Any Play-Dough Kit
neutral,5,Paw Patrol toy
neutral,5,"arts & crafts, learning book"
neutral,5,"building toy, learning book"
neutral,5,Batmobile
neutral,5,pretend cash register
neutral,5,Guardians of the Galaxy action figure
neutral,5,Superman action figure
neutral,5,microphone for kids
neutral,5,"Star Wars action figure, sticker book"
neutral,5,"Iron Man action figure, sticker book"
neutral,5,Baby Yoda doll
neutral,5,pretend doctor kit
neutral,5,pretend vet kit
neutral,5,pretend kitchen items
neutral,5,walkie talkies for kids
neutral,5,Razor A Kick Scooter
neutral,5,Paw Patrol Sleeping Bag
neutral,5,rain boots any style size 1
neutral,5,Mega Maker Triceratops
neutral,5,Foam Alive Make N’ Melt Ice Cream Kit
neutral,5,Disney Pixar’s Toy Story 4 RV Vacation Building Kit
neutral,5,Coding Critters
neutral,5,tow truck
neutral,6,Robo Alive Ice Blasting Dragon
neutral,6,Mega Maker Triceratops
neutral,6,Foam Alive Make N’ Melt Ice Cream Kit
neutral,6,lava lamp
neutral,6,Avengers Legos
neutral,6,Razor A Kick Scooter
neutral,6,Any Play-Dough Kit
neutral,6,Paw Patrol toy
neutral,6,science related toy
neutral,6,"Black Panther action figure, stickers"
neutral,6,"building toy, book for Kindergartener"
neutral,6,Minecraft Legos
neutral,6,"slime kit, book for Kindergartener"
neutral,6,arts & crafts / book for Kindergartener
neutral,6,microphone for kids
neutral,6,"kids soccer ball, book for Kindergartener"
neutral,6,"kids basketball, book for Kindergartener"
neutral,6,Baby Yoda doll
neutral,6,walkie talkies for kids
neutral,6,moon lamp
neutral,6,rain boots any style size 1.5 kids
neutral,6,Spin & Spiral Art Station
neutral,7,lava lamp
neutral,7,Avengers Legos
neutral,7,Razor A Kick Scooter
neutral,7,"age appropriate Legos, book for 1st grader"
neutral,7,"arts/crafts, book for 1st grader"
neutral,7,"slime kit, book for 1st grader"
neutral,7,"science related activity, book for 1st grader"
neutral,7,"soccer ball, book for 1st grader"
neutral,7,"basketball, book for 1st grader"
neutral,7,remote control car
neutral,7,walkie talkies
neutral,7,BONAOK Wireless Bluetooth Karaoke Microphone
neutral,7,moon lamp
neutral,7,rain boots any style size 2
neutral,7,Spin & Spiral Art Station
neutral,8,Razor A Kick Scooter
neutral,8,Lego Technic Set
neutral,8,Marvel Avengers Legos
neutral,8,Minecraft Legos
neutral,8,"arts/crafts, book for a 2nd grader"
neutral,8,"basketball, book for 2nd grader"
neutral,8,Black Panther Legos
neutral,8,remote control car
neutral,8,"soccer ball, book for 2nd grader"
neutral,8,"age appropriate science related activity, book for 2nd grader"
neutral,8,Harry Potter Knight Bus Legos
neutral,8,BONAOK Wireless Bluetooth Karaoke Microphone
neutral,8,moon lamp
neutral,8,lava lamp
neutral,8,rain boots any style size 2.5
neutral,8,Spin & Spiral Art Station
neutral,8,Apples to Apples game
neutral,9,Lego Technic Set
neutral,9,Marvel Avengers Legos
neutral,9,Minecraft Legos
neutral,9,"remote control car, book for 3rd grader"
neutral,9,Star Wars Legos
neutral,9,Harry Potter Legos
neutral,9,"basketball, book for 3rd grader"
neutral,9,Black Panther backpack
neutral,9,remote control car
neutral,9,"soccer ball, book for 3rd grader"
neutral,9,"age appropriate science related activity, book for 2nd grader"
neutral,9,BONAOK Wireless Bluetooth Karaoke Microphone
neutral,9,moon lamp
neutral,9,lava lamp
neutral,9,rain boots any style size 3 kids
neutral,9,Apples to Apples game
neutral,10,lava lamp
neutral,10,Hydro Flask
neutral,10,Lego Technic Set
neutral,10,Star Wars Legos
neutral,10,Marvel Avengers Legos
neutral,10,"basketball, book for 4th grader"
neutral,10,"soccer ball, book for 4th grader"
neutral,10,nice art supplies
neutral,10,"arts/crafts, book for a 4th grader"
neutral,10,Harry Potter Legos
neutral,10,remote control car
neutral,10,BONAOK Wireless Bluetooth Karaoke Microphone
neutral,10,moon lamp
neutral,10,rain boots any style size 3.5 kids
neutral,10,mini R/C drone
neutral,10,Apples to Apples game
neutral,11,Hydro Flask
neutral,11,Minecraft Legos
neutral,11,"remote control car, book for 5th grader"
neutral,11,Star Wars Legos
neutral,11,Harry Potter Legos
neutral,11,"basketball, book for 5th grader"
neutral,11,Black Panther backpack
neutral,11,remote control car
neutral,11,"soccer ball, book for 5th grader"
neutral,11,"age appropriate science related activity, book for 5th grader"
neutral,11,BONAOK Wireless Bluetooth Karaoke Microphone
neutral,11,Lego Technic Set
neutral,11,DIY Bubble Tea Kit
neutral,11,moon lamp
neutral,11,lava lamp
neutral,11,rain boots any style size 4 kids
neutral,11,mini R/C drone
neutral,12,"backpack any style / color, book for 7th grader"
neutral,12,"science related gift, book for 7th grader"
neutral,12,"soccer ball, book for 7th grader"
neutral,12,"basketball, book for 7th grader"
neutral,12,"nice art supplies, book for 7th grader"
neutral,12,BONAOK Wireless Bluetooth Karaoke Microphone
neutral,12,personal charging hub
neutral,12,Hydro Flask
neutral,12,DIY Bubble Tea Kit
neutral,12,moon lamp
neutral,12,lava lamp
neutral,12,yoga mat
neutral,12,rain boots any style size 5 kids
neutral,12,bluetooth beanie
neutral,12,blue light blocking glasses
neutral,12,mini R/C drone
neutral,12,"magnetic phone mount, book for 7th grader"
neutral,12,selfie light ring
neutral,12,LED lights
neutral,13,gift card for books
neutral,13,gift card for new clothes
neutral,13,Amazon gift card
neutral,13,iTunes gift card
neutral,13,gift card for new clothes
neutral,13,gift card to athletic retailer
neutral,13,gift card for makeup / skin care
neutral,14,gift card for books
neutral,14,gift card for new clothes
neutral,14,Amazon gift card
neutral,14,iTunes gift card
neutral,14,gift card for new clothes
neutral,14,gift card to athletic retailer
neutral,14,gift card for makeup / skin care
neutral,15,gift card for books
neutral,15,gift card for new clothes
neutral,15,Amazon gift card
neutral,15,iTunes gift card
neutral,15,gift card for new clothes
neutral,15,gift card to athletic retailer
neutral,15,gift card for makeup / skin care
neutral,16,gift card for books
neutral,16,gift card for new clothes
neutral,16,Amazon gift card
neutral,16,iTunes gift card
neutral,16,gift card for new clothes
neutral,16,gift card to athletic retailer
neutral,16,gift card for makeup / skin care
neutral,17,gift card for books
neutral,17,gift card for new clothes
neutral,17,Amazon gift card
neutral,17,iTunes gift card
neutral,17,gift card for new clothes
neutral,17,gift card to athletic retailer
neutral,17,gift card for makeup / skin care
neutral,18,gift card for books
neutral,18,gift card for new clothes
neutral,18,Amazon gift card
neutral,18,iTunes gift card
neutral,18,gift card for new clothes
neutral,18,gift card to athletic retailer
neutral,18,gift card for makeup / skin care
girl,3,Frozen toy / doll (any character)
girl,3,unicorn toy/sticker book
girl,3,any Kindi Kids doll
girl,3,My Little Pony toy
girl,3,"Doodle Bear, learning book"
girl,3,African American doll
girl,3,Latina doll
girl,3,Fuzzikins Cottontail Cottage
girl,4,African American doll
girl,4,Latina doll
girl,4,My Little Pony toy
girl,4,and Kindi Kids doll
girl,4,Unicorn toy
girl,4,pretend pony
girl,4,Olaf doll (that sings if possible)
girl,4,Doc McStuffins doll
girl,4,"Blume doll, learning book"
girl,4,any LOL doll
girl,4,any Hatchimals
girl,4,any furReal toy
girl,4,Doc McStuffins vet set
girl,4,Fuzzikins Cottontail Cottage
girl,5,African American doll
girl,5,Latina doll
girl,5,Doc McStuffins Sleeping Bag
girl,5,any furReal toy
girl,5,African American doll
girl,5,Melissa & Doug Vanity Playset
girl,5,singing Elsa doll
girl,5,"Blume doll, learning book"
girl,5,any LOL toy
girl,5,any Hatchimals
girl,5,My Little Pony Sleeping Bag
girl,5,Doc McStuffins Vet Set
girl,6,Doc McStuffins Vet Set
girl,6,Paw Patrol backpack
girl,6,singing Anna doll (Frozen)
girl,6,Latina doll
girl,6,singing Elsa doll
girl,6,LOL backpack
girl,6,mermaid tail blanket
girl,6,any LOL toy+C296
girl,6,Friends Legos
girl,6,"arts & crafts, book for Kindergartener"
girl,6,Posiively Perfect doll
girl,7,"arts & crafts, book for 1st grader"
girl,7,Wonder Woman sleeping bag
girl,7,Wonder Woman backpack
girl,7,mermaid tail blanket
girl,7,Unicorn backpack
girl,7,arts & crafts
girl,7,Frozen backpack
girl,7,Friends Legos
girl,7,Positively Perfect doll
girl,8,Friends Legos
girl,8,nail design kit
girl,8,Wonder Woman backpack
girl,8,unicorn backpack
girl,8,mermaid tail blanket
girl,8,"arts & crafts, book for 2nd grader"
girl,8,Wonder Woman sleeping bag
girl,8,Positively Perfect doll
girl,9,"Blinger Deluxe Set, Radiance Collection"
girl,9,Positively Perfect doll
girl,9,nail design kit
girl,9,nylon backpack any color
girl,9,"arts & crafts, book for 3rd grader"
girl,9,tie-dye kit
girl,9,mermaid tail blanket
girl ,9,"girl's backpack, bright colors"
girl,9,Friends Legos
girl,9,nail design kit
girl,9,jewelry design kit
girl,10,nylon backpack any color
girl,10,jewelry design kit
girl,10,girls basketball
girl,10,girls backpack any color / any style
girl,10,"arts & crafts, book for 4th grader"
girl,10,"nail design kit, book for 4th grader"
girl,10,mermaid tail blanket
girl,10,tie-dye kit
girl,11,"arts & crafts, book for 5th grader"
girl,11,nylon backpack any color
girl,11,tie-dye kit
girl,11,mermaid tail blanket
girl,11,spa kit for girls
girl,11,scrapbook kit
girl,11,Friends Legos
girl,11,"girl's backpack, any color / style"
girl,11,girls basketball
girl,11,nail design kit
girl,12,"scrunchie set, book for 7th grader"
girl,12,nylon backpack any color
girl,12,age appropriate nail design kit
girl,12,girls basketball
girl,12,girls basketball
girl,12,scrapbook kit
girl,12,"girls backpack, likes blue and purple"
girl,12,spa kit for teen girls
girl,12,mermaid tail blanket
girl,12,tie-dye kit
girl,12,"arts & crafts, book for 6th grader"
girl,13,gift card to Sephora
girl,13,"girls backpack, any color / style"
girl,14,gift card to Sephora
girl,14,"girls backpack, any color / style"
girl,15,gift card to Sephora
girl,15,"girls backpack, any color / style"
girl,16,gift card to Sephora
girl,16,"girls backpack, any color / style"
girl,17,gift card to Sephora
girl,17,"girls backpack, any color / style"
girl,18,gift card to Sephora
girl,18,"girls backpack, any color / style"
boy,2,big truck
boy,2,anything dinosaur
boy,3,kids football
boy,3,dump or scooper truck
boy,3,truck with sounds
boy,3,dinosaur toy with sounds
boy,4,"Captain America action figure, stickers"
boy,4,"Hulk action figure, book"
boy,4,dinosaur toy with sounds
boy,4,"kids football, age appropriate book"
boy,4,Hot Wheels cars / track
boy,4,Air Hogs stunt shot
boy,4,Spiderman action figure
boy,5,"Spiderman action figure, age appropriate book"
boy,5,"Iron Man action figure, stickers"
boy,5,Hot Wheels cars / track
boy,5,dinosaur toy with sounds
boy,5,"kids football, age appropriate book"
boy,5,Air Hogs stunt shot
boy,6,Hot Wheels cars / track
boy,6,Avengers backpack
boy,6,Air Hogs stunt shot
boy,6,Monster Jam remote control truck
boy,6,Incredible Hulk backpack
boy,6,Captain American action figure
boy,6,Star Wars backpack
boy,6,"football, book for Kindergartener"
boy,7,Hot Wheels cars / track
boy,7,Superman backpack
boy,7,Monster Jam remote control truck
boy,7,Spiderman Sleeping Bag
boy,7,"football, book for a 1st grader"
boy,7,Hulk backpack
boy,8,"football, book for a 2nd grader"
boy,8,Star Wars Legos
boy,8,Monster Jam remote control truck
boy,8,"boys backpack, any style"
boy,8,Star Wars backpack
boy,9,science related gift
boy,9,"boys backpack, any style"
boy,9, 49ers football+C198
boy,10,"boys backpack, any style"
boy,10,"football, book for 4th grader"
boy,10,age appropriate Star Wars Legos
boy,11,"football, book for 5th grader"
boy,11,"boys backpack, any style"
boy,12,"boys backpack, any style"
boy,12,football
boy,13,"men's hygiene kit, gift card for clothes"
boy,14,"men's hygiene kit, gift card for clothes"
boy,15,"men's hygiene kit, gift card for clothes"
boy,16,"men's hygiene kit, gift card for clothes"
boy,17,"men's hygiene kit, gift card for clothes"
boy,18,"men's hygiene kit, gift card for clothes"